to_neutralize,by,neutralized
DJ_ExplorationProduction,DJ_OilGasProducers,DJ_ExplorationProduction
DJ_IntegratedOilGas,DJ_OilGasProducers,DJ_IntegratedOilGas
DJ_OilGasProducers,DJ_OilGas,DJ_OilGasProducers
DJ_OilEquipServices,DJ_OilEquipServiceDistrib,DJ_OilEquipServices
DJ_Pipelines,DJ_OilEquipServiceDistrib,DJ_Pipelines
DJ_OilEquipServiceDistrib,DJ_OilGas,DJ_OilEquipServiceDistrib
DJ_OilGas,DJUS,DJ_OilGas
DJ_CommodityChem,DJ_Chemicals,DJ_CommodityChem
DJ_SpecialtyChem,DJ_Chemicals,DJ_SpecialtyChem
DJ_Chemicals,DJ_BasicMaterials,DJ_Chemicals
DJ_BasicResources,DJ_BasicMaterials,DJ_BasicResources
DJ_Alminum,DJ_IndustrialMetals,DJ_Alminum
DJ_NonferrousMetals,DJ_IndustrialMetals,DJ_NonferrousMetals
DJ_IronSteel,DJ_IndustrialMetals,DJ_IronSteel
DJ_IndustrialMetals,DJ_BasicMaterials,DJ_IndustrialMetals
DJ_Mining,DJ_BasicMaterials,DJ_Mining
DJ_BasicMaterials,DJUS,DJ_BasicMaterials
DJ_BuildingMaterialsFixtures,DJ_ConstMaterials,DJ_BuildingMaterialsFixtures
DJ_HeavyConstruction,DJ_ConstMaterials,DJ_HeavyConstruction
DJ_ConstMaterials,DJ_Industrials,DJ_ConstMaterials
DJ_Aerospace,DJ_AerospaceDefense,DJ_Aerospace
DJ_Defense,DJ_AerospaceDefense,DJ_Defense
DJ_AerospaceDefense,DJ_IndustrialGoodsServices,DJ_AerospaceDefense
DJ_ContainersPackaging,DJ_GeneralIndustrials,DJ_ContainersPackaging
DJ_DiversifiedIndustrials,DJ_GeneralIndustrials,DJ_DiversifiedIndustrials
DJ_GeneralIndustrials,DJ_IndustrialGoodsServices,DJ_GeneralIndustrials
DJ_ElectricalCompEquip,DJ_ElectronicElectrical,DJ_ElectricalCompEquip
DJ_ElectronicEquip,DJ_ElectronicElectrical,DJ_ElectronicEquip
DJ_ElectronicElectrical,DJ_IndustrialGoodsServices,DJ_ElectronicElectrical
DJ_CommercialVehiclesTrucks,DJ_IndustrialEngineering,DJ_CommercialVehiclesTrucks
DJ_IndustrialMachinery,DJ_IndustrialEngineering,DJ_IndustrialMachinery
DJ_IndustrialEngineering,DJ_IndustrialGoodsServices,DJ_IndustrialEngineering
DJ_DeliveryServices,DJ_IndustrialTransportation,DJ_DeliveryServices
DJ_MarineTransport,DJ_IndustrialTransportation,DJ_MarineTransport
DJ_Railroads,DJ_IndustrialTransportation,DJ_Railroads
DJ_Trucking,DJ_IndustrialTransportation,DJ_Trucking
DJ_IndustrialTransportation,DJ_IndustrialGoodsServices,DJ_IndustrialTransportation
DJ_BizSupportServices,DJ_SupportServices,DJ_BizSupportServices
DJ_BizTrainingEmployAgencies,DJ_SupportServices,DJ_BizTrainingEmployAgencies
DJ_FinancialAdministration,DJ_SupportServices,DJ_FinancialAdministration
DJ_IndustrialSuppliers,DJ_SupportServices,DJ_IndustrialSuppliers
DJ_WasteDisposalServices,DJ_SupportServices,DJ_WasteDisposalServices
DJ_SupportServices,DJ_IndustrialGoodsServices,DJ_SupportServices
DJ_IndustrialGoodsServices,DJ_Industrials,DJ_IndustrialGoodsServices
DJ_Industrials,DJUS,DJ_Industrials
DJ_Automobiles,DJ_AutomobilesParts,DJ_Automobiles
DJ_AutoParts,DJ_AutomobilesParts,DJ_AutoParts
DJ_AutomobilesParts,DJ_ConsumerGoods,DJ_AutomobilesParts
DJ_Brewers,DJ_Beverages,DJ_Brewers
DJ_DistillersVinters,DJ_Beverages,DJ_DistillersVinters
DJ_SoftDrinks,DJ_Beverages,DJ_SoftDrinks
DJ_Beverages,DJ_FoodBeverage,DJ_Beverages
DJ_FoodProducts,DJ_FoodProducers,DJ_FoodProducts
DJ_FoodProducers,DJ_FoodBeverage,DJ_FoodProducers
DJ_FoodBeverage,DJ_ConsumerGoods,DJ_FoodBeverage
DJ_DurableHoushold,DJ_HouseholdHomeConst,DJ_DurableHoushold
DJ_NondurableHousehold,DJ_HouseholdHomeConst,DJ_NondurableHousehold
DJ_Furnishings,DJ_HouseholdHomeConst,DJ_Furnishings
DJ_HomeConstruction,DJ_HouseholdHomeConst,DJ_HomeConstruction
DJ_HouseholdHomeConst,DJ_PersonalHouseholdGoods,DJ_HouseholdHomeConst
DJ_RecreationalProducts,DJ_LeisureGoods,DJ_RecreationalProducts
DJ_Toys,DJ_LeisureGoods,DJ_Toys
DJ_LeisureGoods,DJ_PersonalHouseholdGoods,DJ_LeisureGoods
DJ_ClothingAccessories,DJ_PersonalGoods,DJ_ClothingAccessories
DJ_Footwear,DJ_PersonalGoods,DJ_Footwear
DJ_PersonalProducts,DJ_PersonalGoods,DJ_PersonalProducts
DJ_PersonalGoods,DJ_PersonalHouseholdGoods,DJ_PersonalGoods
DJ_Tobacco,DJ_PersonalHouseholdGoods,DJ_Tobacco
DJ_PersonalHouseholdGoods,DJ_ConsumerGoods,DJ_PersonalHouseholdGoods
DJ_ConsumerGoods,DJUS,DJ_ConsumerGoods
DJ_HealthCareProviders,DJ_HealthCareEquipServ,DJ_HealthCareProviders
DJ_MedicalEquip,DJ_HealthCareEquipServ,DJ_MedicalEquip
DJ_MedicalSupplies,DJ_HealthCareEquipServ,DJ_MedicalSupplies
DJ_HealthCareEquipServ,DJ_HealthCare,DJ_HealthCareEquipServ
DJ_Pharmaceuticals,DJ_PharmBiotech,DJ_Pharmaceuticals
DJ_Biotech,DJ_PharmBiotech,DJ_Biotech
DJ_PharmBiotech,DJ_HealthCare,DJ_PharmBiotech
DJ_HealthCare,DJUS,DJ_HealthCare
DJ_DrugRetailers,DJ_FoodDrugRetailers,DJ_DrugRetailers
DJ_FoodRetailWholesale,DJ_FoodDrugRetailers,DJ_FoodRetailWholesale
DJ_FoodDrugRetailers,DJ_Retail,DJ_FoodDrugRetailers
DJ_ApparelRetailers,DJ_GeneralRetailers,DJ_ApparelRetailers
DJ_BroadlineRetailers,DJ_GeneralRetailers,DJ_BroadlineRetailers
DJ_HomeImprovenetRetailers,DJ_GeneralRetailers,DJ_HomeImprovenetRetailers
DJ_SpecializedConsumerServ,DJ_GeneralRetailers,DJ_SpecializedConsumerServ
DJ_SpecialtyRetailers,DJ_GeneralRetailers,DJ_SpecialtyRetailers
DJ_GeneralRetailers,DJ_Retail,DJ_GeneralRetailers
DJ_Retail,DJ_ConsumerServices,DJ_Retail
DJ_BroadcastEntertainment,DJ_Media,DJ_BroadcastEntertainment
DJ_MediaAgencies,DJ_Media,DJ_MediaAgencies
DJ_Publishing,DJ_Media,DJ_Publishing
DJ_Media,DJ_ConsumerServices,DJ_Media
DJ_Airlines,DJ_TravelLeisure,DJ_Airlines
DJ_Gambling,DJ_TravelLeisure,DJ_Gambling
DJ_Hotels,DJ_TravelLeisure,DJ_Hotels
DJ_RecreationalServ,DJ_TravelLeisure,DJ_RecreationalServ
DJ_RestaurantsBars,DJ_TravelLeisure,DJ_RestaurantsBars
DJ_TravelTourism,DJ_TravelLeisure,DJ_TravelTourism
DJ_TravelLeisure,DJ_ConsumerServices,DJ_TravelLeisure
DJ_ConsumerServices,DJUS,DJ_ConsumerServices
DJ_FixedLineTelecom,DJ_Telecommunications,DJ_FixedLineTelecom
DJ_MobileTelecom,DJ_Telecommunications,DJ_MobileTelecom
DJ_Telecommunications,DJUS,DJ_Telecommunications
DJ_ConventionalElectricity,DJ_Electricity,DJ_ConventionalElectricity
DJ_Electricity,DJ_Utilities,DJ_Electricity
DJ_Gas,DJ_GasWater,DJ_Gas
DJ_MultiUtilities,DJ_GasWater,DJ_MultiUtilities
DJ_Water,DJ_GasWater,DJ_Water
DJ_GasWater,DJ_Utilities,DJ_GasWater
DJ_Utilities,DJUS,DJ_Utilities
DJ_Banks,DJ_Financials,DJ_Banks
DJ_NonLifeInsurance,DJ_Financials,DJ_NonLifeInsurance
DJ_LifeInsurance,DJ_Financials,DJ_LifeInsurance
DJ_RealEstateInvestServ,DJ_Financials,DJ_RealEstateInvestServ
DJ_REIT,DJ_Financials,DJ_REIT
DJ_FinServices,DJ_Financials,DJ_FinServices
DJ_Financials,DJUS,DJ_Financials
DJ_ComputerServices,DJ_SoftwareComservices,DJ_ComputerServices
DJ_Internet,DJ_SoftwareComservices,DJ_Internet
DJ_Software,DJ_SoftwareComservices,DJ_Software
DJ_SoftwareComservices,DJ_Technology,DJ_SoftwareComservices
DJ_ComputerServices,DJ_Technology,DJ_ComputerServices
DJ_Internet,DJ_Technology,DJ_Internet
DJ_Software,DJ_Technology,DJ_Software
DJ_ComputerHardware,DJ_TechHardEquip,DJ_ComputerHardware
DJ_Semiconductors,DJ_TechHardEquip,DJ_Semiconductors
DJ_TelecomEquip,DJ_TechHardEquip,DJ_TelecomEquip
DJ_TechHardEquip,DJ_Technology,DJ_TechHardEquip
DJ_Technology,DJUS,DJ_Technology
BrentCrude,EnergyTR,BrentCrude
GasOil,EnergyTR,GasOil
NaturalGasTR,EnergyTR,NaturalGasTR
UnleadedGasolineTR,EnergyTR,UnleadedGasolineTR
WTICrudeTR,EnergyTR,WTICrudeTR
EnergyTR,CommodityTR,EnergyTR
WheatTR,GrainsTR,WheatTR
Corn,GrainsTR,Corn
SoybeansTR,GrainsTR,SoybeansTR
GrainsTR,AgricultureTR,GrainsTR
CoffeeTR,SoftsTR,CoffeeTR
CottonTR,SoftsTR,CottonTR
SugarTR,SoftsTR,SugarTR
SoftsTR,AgricultureTR,SoftsTR
SoybeanOilTR,AgricultureTR,SoybeanOilTR
AgricultureTR,ExEnergyTR,AgricultureTR
AluminumTR,IndustrialMetalsTR,AluminumTR
NickelTR,IndustrialMetalsTR,NickelTR
ZincTR,IndustrialMetalsTR,ZincTR
IndustrialMetalsTR,ExEnergyTR,IndustrialMetalsTR
PreciousMetalsTR,ExEnergyTR,PreciousMetalsTR
LeanHogsTR,LivestockTR,LeanHogsTR
LiveCattleTR,LivestockTR,LiveCattleTR
LivestockTR,ExEnergyTR,LivestockTR
ExEnergyTR,CommodityTR,ExEnergyTR
